team,offense_epa_per_play,defense_epa_per_play,season,team_full_name,Year,Team,GINI,GINI_gini30,GINI_gini40,GINI_gini50
ARI,-0.029795967,-0.07485894,2013,Arizona Cardinals,2013,Arizona Cardinals,0.3631997540692038,0.4355527540766465,0.4922547298241225,0.5301956329132866
ATL,0.009676399,0.09134392,2013,Atlanta Falcons,2013,Atlanta Falcons,0.37388725567682,0.4875229604732599,0.5357257822395257,0.5663571976875954
BAL,-0.04215765,-0.021308837,2013,Baltimore Ravens,2013,Baltimore Ravens,0.3903267441926297,0.4818468683640833,0.5351119801997838,0.5672196845421914
BUF,-0.062391963,-0.03173204,2013,Buffalo Bills,2013,Buffalo Bills,0.3281915934806654,0.4509268126709172,0.5153013363480922,0.5607062767123282
CAR,0.044461083,-0.040667616,2013,Carolina Panthers,2013,Carolina Panthers,0.3750224998920464,0.4518799299408318,0.4841382354099896,0.5112477468567479
CHI,0.0583911,0.086091354,2013,Chicago Bears,2013,Chicago Bears,0.4267127508233586,0.5010738539251548,0.5480349944139787,0.5827161126904522
CIN,0.0127836075,-0.064634055,2013,Cincinnati Bengals,2013,Cincinnati Bengals,0.3257394012341211,0.4208719317509382,0.4799759948035493,0.5297166721705713
CLE,-0.06259526,0.011719812,2013,Cleveland Browns,2013,Cleveland Browns,0.4751416948132102,0.5481785126440235,0.5829704725332947,0.6254290824126619
DAL,0.05895469,0.04481325,2013,Dallas Cowboys,2013,Dallas Cowboys,0.3589633483294489,0.4563006981254114,0.4991942038724541,0.5479238793506639
DEN,0.1499558,0.038280953,2013,Denver Broncos,2013,Denver Broncos,0.3874765452899222,0.4271271524505758,0.4813870924347406,0.5193135866729083
DET,0.0015573903,-0.009404594,2013,Detroit Lions,2013,Detroit Lions,0.4626785198978509,0.5228366227708205,0.5582597030504918,0.5979606281756539
GB,0.05548289,0.0674035,2013,Green Bay Packers,2013,Green Bay Packers,0.346396241105707,0.4453008105935054,0.5113212754107137,0.5591453236801996
HOU,-0.09996421,0.020919109,2013,Houston Texans,2013,Houston Texans,0.5093475696313217,0.5567262331603237,0.5786355289323739,0.6272188997144839
IND,0.049267296,0.022643946,2013,Indianapolis Colts,2013,Indianapolis Colts,0.2891293812618605,0.4007467261901575,0.4807625020220814,0.5466522422806698
JAX,-0.10250749,0.051082738,2013,Jacksonville Jaguars,2013,Jacksonville Jaguars,0.457522117963661,0.5312320918372895,0.5604034514160833,0.619770203886267
KC,0.052453578,-0.04160802,2013,Kansas City Chiefs,2013,Kansas City Chiefs,0.3940289159332243,0.4930043606483009,0.5533445135347715,0.5941203979739577
LAC,0.11978044,0.0778873,2013,Los Angeles Chargers,2013,Los Angeles Chargers,0.3865174171579814,0.4656847761376925,0.5116436818841499,0.5496963755589624
LV,-0.057481393,0.04820527,2013,Las Vegas Raiders,2013,Las Vegas Raiders,0.3611320762972901,0.4123342133670658,0.4395773475600322,0.4619475862685343
MIA,-0.020247376,0.0005627204,2013,Miami Dolphins,2013,Miami Dolphins,0.2938680599552052,0.4022516078102984,0.4650893736723223,0.5192744435548632
MIN,0.011500542,0.07609094,2013,Minnesota Vikings,2013,Minnesota Vikings,0.3923156600483412,0.47265214835041,0.5343453330263211,0.5785442346180942
NE,0.08093152,0.005905716,2013,New England Patriots,2013,New England Patriots,0.4331866460752207,0.5060491676000489,0.5399928544936783,0.5730482839913621
NO,0.06529576,-0.011094383,2013,New Orleans Saints,2013,New Orleans Saints,0.3263170764642006,0.4279458111308783,0.4957506609336451,0.5409227872929543
NYG,-0.111967415,-0.035558008,2013,New York Giants,2013,New York Giants,0.4744550332789414,0.5422515318866047,0.5656475996756687,0.5858274889956875
NYJ,-0.07225693,0.006647165,2013,New York Jets,2013,New York Jets,0.4938633846832515,0.5461557535545348,0.5623763179847955,0.5784770888274035
PHI,0.066952735,0.024815409,2013,Philadelphia Eagles,2013,Philadelphia Eagles,0.3521576400948373,0.4673424796768339,0.5265175365742241,0.5618649773635409
PIT,0.005825324,-0.00024125757,2013,Pittsburgh Steelers,2013,Pittsburgh Steelers,0.4109037625727622,0.4989883335885616,0.5427644888651921,0.5756449318905777
SEA,0.043937627,-0.1179328,2013,Seattle Seahawks,2013,Seattle Seahawks,0.3550277973337278,0.4736144905103977,0.5235677795163269,0.5569233186163983
TB,-0.06895342,0.01410815,2013,Tampa Bay Buccaneers,2013,Tampa Bay Buccaneers,0.4748854153681383,0.5482238850788461,0.593293614040392,0.6419813439866818
TEN,0.010753044,0.030265817,2013,Tennessee Titans,2013,Tennessee Titans,0.3024476421767453,0.3838109433234534,0.457812585003182,0.5135901866062031
WAS,-0.07239588,0.041998263,2013,Washington Commanders,2013,Washington Commanders,0.3214528770822459,0.4057554361744924,0.4672738277697383,0.5074165486642224
ARI,-0.078201704,-0.08335109,2014,Arizona Cardinals,2014,Arizona Cardinals,0.3761236025053152,0.4620804064784201,0.5140437823732568,0.5553415199450166
ATL,0.008766276,0.04016862,2014,Atlanta Falcons,2014,Atlanta Falcons,0.3511972463030245,0.4721070188114539,0.5282644535317084,0.5608716724937666
BAL,0.0669049,-0.025662022,2014,Baltimore Ravens,2014,Baltimore Ravens,0.4759191921198196,0.5509904121957637,0.5883805026485976,0.6433505091032788
BUF,-0.06616805,-0.112045616,2014,Buffalo Bills,2014,Buffalo Bills,0.3208026316365873,0.431372956539764,0.50109655958941,0.5463598577305706
CAR,-0.04163727,-0.023386907,2014,Carolina Panthers,2014,Carolina Panthers,0.3977678379096143,0.4836733533038645,0.5310559628953329,0.5690240094937503
CHI,-0.05569785,0.049992066,2014,Chicago Bears,2014,Chicago Bears,0.5018058626427646,0.5651174589852129,0.5922552538253792,0.6364302676967096
CIN,-0.022608992,-0.023578221,2014,Cincinnati Bengals,2014,Cincinnati Bengals,0.3106520934928207,0.4103306353983865,0.4824914010109529,0.5312291106111194
CLE,-0.079766825,-0.045216613,2014,Cleveland Browns,2014,Cleveland Browns,0.4299834682825789,0.5227942299221269,0.5702297233455621,0.6106700968302542
DAL,0.08437508,-0.0049575176,2014,Dallas Cowboys,2014,Dallas Cowboys,0.4613677144634929,0.5235278539606143,0.5479362652362544,0.5739569917625575
DEN,0.041253634,-0.042897426,2014,Denver Broncos,2014,Denver Broncos,0.3826586347158623,0.4749278452188778,0.5401159774205042,0.5942652733994654
DET,-0.05368806,-0.07918909,2014,Detroit Lions,2014,Detroit Lions,0.48691827998565,0.5589128048037042,0.5933536583939623,0.6172836350478446
GB,0.08129531,-0.023256956,2014,Green Bay Packers,2014,Green Bay Packers,0.3547132253290725,0.4638901100697279,0.5290583216904582,0.5686295923503383
HOU,-0.04626793,-0.10072489,2014,Houston Texans,2014,Houston Texans,0.4976933122193009,0.5694254774582347,0.600235232492075,0.6278197661936855
IND,0.019905314,-0.039343964,2014,Indianapolis Colts,2014,Indianapolis Colts,0.2285134057202153,0.3767164370068346,0.4556509004741995,0.5115315412694214
JAX,-0.14119792,-0.0031552997,2014,Jacksonville Jaguars,2014,Jacksonville Jaguars,0.3192870926675915,0.4557343305305765,0.5173873211644782,0.5629802711561611
KC,0.027655156,-0.031738985,2014,Kansas City Chiefs,2014,Kansas City Chiefs,0.4120120060094558,0.5073786573011144,0.5483650728025014,0.5784564884992089
LAC,-0.0044215275,0.00089769595,2014,Los Angeles Chargers,2014,Los Angeles Chargers,0.4072932480011757,0.4752900674950015,0.5205630204855962,0.5662269572786288
LV,-0.15105447,0.014408619,2014,Las Vegas Raiders,2014,Las Vegas Raiders,0.2970030567569593,0.4093954824732894,0.4672524912168973,0.5234081862862574
MIA,-0.0088247955,-0.01756051,2014,Miami Dolphins,2014,Miami Dolphins,0.3220851513801093,0.4419890791330395,0.5112206468119654,0.584874323000164
MIN,-0.041235805,-0.02499757,2014,Minnesota Vikings,2014,Minnesota Vikings,0.3481580174898787,0.4529220078639524,0.5020689393628349,0.5422232209042819
NE,0.08598442,-0.043868974,2014,New England Patriots,2014,New England Patriots,0.3101492940054765,0.4273575090038423,0.5004458570487217,0.5456216472999432
NO,0.045574576,0.07644856,2014,New Orleans Saints,2014,New Orleans Saints,0.4553526052178739,0.5506474542388501,0.5877258833287986,0.629793196815955
NYG,-0.027973998,-0.011919831,2014,New York Giants,2014,New York Giants,0.5058972105214647,0.5494075299332695,0.5699249374165722,0.6126185061892244
NYJ,-0.063998215,0.028183876,2014,New York Jets,2014,New York Jets,0.325914920502095,0.3969649461120365,0.4674366501035895,0.5190657043394582
PHI,-0.014510743,-0.06892328,2014,Philadelphia Eagles,2014,Philadelphia Eagles,0.255288989427301,0.37165247842969,0.4486617633082817,0.5018360669660223
PIT,0.06931466,0.036305513,2014,Pittsburgh Steelers,2014,Pittsburgh Steelers,0.4362314581929743,0.5208416679304569,0.5646184459678335,0.5916951559236122
SEA,0.028726319,-0.08048417,2014,Seattle Seahawks,2014,Seattle Seahawks,0.3980151008220546,0.4975504951147693,0.5397306744515564,0.5741924437433872
TB,-0.10384797,0.009112843,2014,Tampa Bay Buccaneers,2014,Tampa Bay Buccaneers,0.428534977962853,0.5326067453159898,0.5788392289927375,0.6351591752170465
TEN,-0.10610287,0.052646123,2014,Tennessee Titans,2014,Tennessee Titans,0.3037328350619672,0.4379734026493413,0.4983777036839902,0.5674460392511401
WAS,-0.057419363,0.05447196,2014,Washington Commanders,2014,Washington Commanders,0.3736839324523128,0.4769106167756731,0.5237288564602642,0.5910367859985953
ARI,0.05918692,-0.05075498,2015,Arizona Cardinals,2015,Arizona Cardinals,0.4024785429377291,0.5095472529983182,0.5649949178923919,0.6069210376507252
ATL,-0.015870603,-0.009479274,2015,Atlanta Falcons,2015,Atlanta Falcons,0.4131460859274046,0.4905363109133063,0.5347088213207016,0.5787127730264117
BAL,-0.042881154,0.014549082,2015,Baltimore Ravens,2015,Baltimore Ravens,0.4226167307347572,0.4809959231878626,0.5249970662808082,0.593645930171611
BUF,0.011405614,-0.0015801109,2015,Buffalo Bills,2015,Buffalo Bills,0.4542955525908972,0.5380743304162128,0.5943668105872308,0.6592153656426888
CAR,0.047778554,-0.101333976,2015,Carolina Panthers,2015,Carolina Panthers,0.4689746036758467,0.5408286059614432,0.5806990099656575,0.6077244788309296
CHI,-0.011652065,0.037411485,2015,Chicago Bears,2015,Chicago Bears,0.4987865250537527,0.5769682563955644,0.6096070873911063,0.6581147252450061
CIN,0.035388783,-0.071465544,2015,Cincinnati Bengals,2015,Cincinnati Bengals,0.3192376447565749,0.4130198657089165,0.4904576509092014,0.540823064088969
CLE,-0.08289456,0.04290202,2015,Cleveland Browns,2015,Cleveland Browns,0.3315405615091716,0.4444892853476875,0.5122164827415174,0.5747554846708277
DAL,-0.056438994,0.031961754,2015,Dallas Cowboys,2015,Dallas Cowboys,0.3664459398194887,0.4549967861360741,0.4990152086413091,0.5650298632800896
DEN,-0.066707075,-0.11423083,2015,Denver Broncos,2015,Denver Broncos,0.4091491485810166,0.4785826807940632,0.5483058361320887,0.5926910541920392
DET,-0.014925449,0.03062061,2015,Detroit Lions,2015,Detroit Lions,0.5003917008187597,0.5735946039555935,0.6046556501349502,0.6372584266602801
GB,0.014454342,-0.03382682,2015,Green Bay Packers,2015,Green Bay Packers,0.4164124754671142,0.5171863723490577,0.5720981505216318,0.6067736884536464
HOU,-0.07588785,-0.078865305,2015,Houston Texans,2015,Houston Texans,0.3939346260958509,0.4965205858928838,0.5464056667333477,0.5876995501532968
IND,-0.06993885,-0.012436617,2015,Indianapolis Colts,2015,Indianapolis Colts,0.2790430541152608,0.4253886822490868,0.5140653593930453,0.6020473107330809
JAX,-0.04530358,0.007712543,2015,Jacksonville Jaguars,2015,Jacksonville Jaguars,0.3114529259939271,0.4518618235128005,0.5203616439976361,0.5678214232585452
KC,0.039130922,-0.07501814,2015,Kansas City Chiefs,2015,Kansas City Chiefs,0.364627537302517,0.4675595018635874,0.5252963770015117,0.5608857910426581
LAC,-0.023495464,0.04207262,2015,Los Angeles Chargers,2015,Los Angeles Chargers,0.4445988283995111,0.5214352845429695,0.570827444511188,0.6320133794979738
LV,-0.024921734,0.009252671,2015,Las Vegas Raiders,2015,Las Vegas Raiders,0.3356989024406723,0.4537906169688324,0.5066546487351371,0.5635003061379544
MIA,-0.04424003,0.018440383,2015,Miami Dolphins,2015,Miami Dolphins,0.3997413199433364,0.5015877959706747,0.5525492007696444,0.6125406460510577
MIN,0.013123296,-0.03799664,2015,Minnesota Vikings,2015,Minnesota Vikings,0.3359008947557784,0.41022634213165,0.4936424610830819,0.5483168487073835
NE,0.06049314,-0.05204169,2015,New England Patriots,2015,New England Patriots,0.3664322009847039,0.4563655311775839,0.5105020745063467,0.5723264703260609
NO,0.027431773,0.09241229,2015,New Orleans Saints,2015,New Orleans Saints,0.4679980148484203,0.545112203895483,0.5863100673470626,0.6246720869833736
NYG,0.03137594,0.04613113,2015,New York Giants,2015,New York Giants,0.4273207325004197,0.4917125226312699,0.5468533305763815,0.6135079485386413
NYJ,-0.018548127,-0.077520005,2015,New York Jets,2015,New York Jets,0.3471598747160463,0.4345895636987489,0.5122864379660483,0.5694623746667129
PHI,-0.040418293,0.0012942342,2015,Philadelphia Eagles,2015,Philadelphia Eagles,0.2745086691792991,0.3846879703685956,0.4722854198817219,0.5362587695347177
PIT,0.017999975,-0.054988466,2015,Pittsburgh Steelers,2015,Pittsburgh Steelers,0.4185376793199537,0.4727249051570283,0.5172791071613193,0.5536519554607747
SEA,0.051334623,-0.0594704,2015,Seattle Seahawks,2015,Seattle Seahawks,0.3349608410763026,0.4765522855840065,0.5377993744257183,0.588259629754722
TB,-0.027510073,0.03173953,2015,Tampa Bay Buccaneers,2015,Tampa Bay Buccaneers,0.3826010292739408,0.4662594279629342,0.517100887012377,0.5821717658083011
TEN,-0.08745938,0.020357989,2015,Tennessee Titans,2015,Tennessee Titans,0.2434613146591929,0.3617347745676587,0.4382743153325234,0.4974295892158983
WAS,0.005603869,0.012876422,2015,Washington Commanders,2015,Washington Commanders,0.3895799428667525,0.4915688611952716,0.5422469219293489,0.5982992602945504
ARI,-0.037411876,-0.083450615,2016,Arizona Cardinals,2016,Arizona Cardinals,0.5324860987036418,0.6020557586347497,0.6345990193269315,0.6879571972806867
ATL,0.15510124,0.023382122,2016,Atlanta Falcons,2016,Atlanta Falcons,0.4444748116986811,0.5159913031018116,0.5592693138251079,0.6105541565774406
BAL,-0.035531636,-0.06213542,2016,Baltimore Ravens,2016,Baltimore Ravens,0.3862073931035909,0.4656963290013812,0.526923101784435,0.5800375726618543
BUF,0.008842112,-0.0046594655,2016,Buffalo Bills,2016,Buffalo Bills,0.3774911935755181,0.4855987567047155,0.5383116076957946,0.584715525217646
CAR,-0.050872408,-0.027315455,2016,Carolina Panthers,2016,Carolina Panthers,0.4154570120275056,0.499235102702018,0.5441574509121284,0.5999102425315375
CHI,-0.06822297,0.041038316,2016,Chicago Bears,2016,Chicago Bears,0.4846057491330668,0.5336309890319664,0.549489530757427,0.5927244907476206
CIN,0.015777174,0.008325444,2016,Cincinnati Bengals,2016,Cincinnati Bengals,0.3236931686719575,0.4525973545538457,0.5209847411190636,0.5822067344107252
CLE,-0.07126698,0.08666452,2016,Cleveland Browns,2016,Cleveland Browns,0.4515010507454664,0.5208992687438906,0.5511546418243034,0.5780719777950839
DAL,0.08547472,-0.008199354,2016,Dallas Cowboys,2016,Dallas Cowboys,0.3763300694528211,0.4253685374144136,0.4809116521517346,0.5344622635669775
DEN,-0.06476396,-0.0894819,2016,Denver Broncos,2016,Denver Broncos,0.4176548216488365,0.5346063836407567,0.5847936121560723,0.6340374822625868
DET,0.024601525,0.055345275,2016,Detroit Lions,2016,Detroit Lions,0.4198234525187261,0.5192622213534585,0.5701935117907111,0.6091333237835603
GB,0.08736324,0.05628842,2016,Green Bay Packers,2016,Green Bay Packers,0.3929647989301424,0.5146013816638672,0.5767497582032803,0.6227208890145048
HOU,-0.11415245,-0.08107239,2016,Houston Texans,2016,Houston Texans,0.3556264482279515,0.4657634814390298,0.5280826275985196,0.5723454116634551
IND,0.046239085,0.03092788,2016,Indianapolis Colts,2016,Indianapolis Colts,0.419022807012733,0.5342614078270068,0.5855629078876019,0.6388630071400174
JAX,-0.05461109,0.0072038025,2016,Jacksonville Jaguars,2016,Jacksonville Jaguars,0.2467096265162927,0.4135215121990782,0.4926177875628548,0.5693518207367149
KC,0.0064507956,-0.049522478,2016,Kansas City Chiefs,2016,Kansas City Chiefs,0.480388099432942,0.5646023106222808,0.6017894046067676,0.6305881058891291
LAC,-0.019700123,-0.013441461,2016,Los Angeles Chargers,2016,Los Angeles Chargers,0.4247115944614095,0.5333713075125287,0.5801909629862082,0.6293998211016671
LV,0.002868101,-0.008350476,2016,Las Vegas Raiders,2016,Las Vegas Raiders,0.3148668647722214,0.438206633961975,0.5152145323671232,0.5657734979882957
MIA,-0.03821862,-0.0024932846,2016,Miami Dolphins,2016,Miami Dolphins,0.4618670969098943,0.5408954289913203,0.5764799427336825,0.6291631799120716
MIN,-0.05469075,-0.07964757,2016,Minnesota Vikings,2016,Minnesota Vikings,0.2796694003898605,0.3978491037961643,0.4804173329348887,0.5346471462716961
NE,0.093628235,-0.07019219,2016,New England Patriots,2016,New England Patriots,0.3337366719169012,0.4299824281816155,0.4958831360080878,0.5357154640899187
NO,0.048303865,0.052447435,2016,New Orleans Saints,2016,New Orleans Saints,0.4548298927636479,0.5195195259906725,0.5517140107956172,0.5957043899174551
NYG,-0.07370731,-0.06307682,2016,New York Giants,2016,New York Giants,0.446910267704827,0.5168586449049203,0.5690372054246713,0.607002841725149
NYJ,-0.09580435,0.018226992,2016,New York Jets,2016,New York Jets,0.4742161449747288,0.5600913362179706,0.6003494004377795,0.6594695270310466
PHI,-0.012903096,-0.046664033,2016,Philadelphia Eagles,2016,Philadelphia Eagles,0.236908113572349,0.3172693109955463,0.42141279402762,0.4962861694132253
PIT,0.048789553,-0.003369276,2016,Pittsburgh Steelers,2016,Pittsburgh Steelers,0.4979449887116499,0.5735803317535739,0.6100816996550029,0.6385691155178079
SEA,0.003306417,-0.057040904,2016,Seattle Seahawks,2016,Seattle Seahawks,0.4537773445620601,0.5553309017835132,0.5980613358417213,0.6464266257748589
TB,-0.028527481,-0.019404797,2016,Tampa Bay Buccaneers,2016,Tampa Bay Buccaneers,0.3233682355759695,0.4064445839089651,0.4900924777845123,0.5581526769039599
TEN,0.0045566345,0.0042179315,2016,Tennessee Titans,2016,Tennessee Titans,0.2644792554024618,0.3655687247246137,0.4494501106187111,0.5134456923007824
WAS,0.05759732,0.042384524,2016,Washington Commanders,2016,Washington Commanders,0.4661856187208686,0.549870105643134,0.5830083538617818,0.6181984421280992
ARI,-0.12677531,-0.0817951,2017,Arizona Cardinals,2017,Arizona Cardinals,0.4318554930220293,0.5072112558768707,0.5554250511737685,0.6137682943927938
ATL,0.033757683,-0.010834712,2017,Atlanta Falcons,2017,Atlanta Falcons,0.3659356658356718,0.46976638533533,0.5381917742041001,0.5824732452647069
BAL,-0.027005563,-0.108826794,2017,Baltimore Ravens,2017,Baltimore Ravens,0.4027884434660953,0.4710023189242267,0.5199018888813457,0.5579508099722843
BUF,-0.065942876,-0.014567413,2017,Buffalo Bills,2017,Buffalo Bills,0.4090574065608636,0.5032136415434704,0.5491549686463378,0.6037525223945933
CAR,-0.014371476,-0.044415783,2017,Carolina Panthers,2017,Carolina Panthers,0.3643572653303329,0.4485256173970247,0.5220504455765989,0.5800737573658186
CHI,-0.10538857,-0.04790596,2017,Chicago Bears,2017,Chicago Bears,0.3731661918715651,0.4896290614866164,0.5389930217031411,0.5885490025507307
CIN,-0.101036526,-0.032997824,2017,Cincinnati Bengals,2017,Cincinnati Bengals,0.3709953314157245,0.5023008477324943,0.5654471875856578,0.6235168245749715
CLE,-0.13620003,0.01741966,2017,Cleveland Browns,2017,Cleveland Browns,0.4192893376487525,0.4988853913437789,0.5332029393496981,0.5794870047195074
DAL,-0.004331497,-0.023423566,2017,Dallas Cowboys,2017,Dallas Cowboys,0.409015305745311,0.4661634820916937,0.5223883409071676,0.5749453715785845
DEN,-0.12792565,-0.05753634,2017,Denver Broncos,2017,Denver Broncos,0.4428536475226448,0.5481380344922827,0.5954435333934069,0.647208371106883
DET,-0.05873572,-0.08535152,2017,Detroit Lions,2017,Detroit Lions,0.359539494564262,0.4869575268405707,0.5537025051686539,0.6081805150095743
GB,-0.037594695,0.02214442,2017,Green Bay Packers,2017,Green Bay Packers,0.4223596651443667,0.5362228382802547,0.5877636353630964,0.6334747938730911
HOU,-0.058701567,0.022035113,2017,Houston Texans,2017,Houston Texans,0.4383778624634105,0.5405710738253042,0.5941144831392993,0.6532808541981282
IND,-0.081161514,0.0391224,2017,Indianapolis Colts,2017,Indianapolis Colts,0.4932311276848033,0.5701163761539337,0.6028909668802158,0.6546635328110936
JAX,-0.0027664038,-0.121921,2017,Jacksonville Jaguars,2017,Jacksonville Jaguars,0.2465856605516958,0.3923118212644965,0.4888052947123434,0.5498207090347251
KC,0.06316329,-0.0047961064,2017,Kansas City Chiefs,2017,Kansas City Chiefs,0.4412389530147411,0.5330912766518857,0.5802013353702611,0.6284673244296819
LAC,0.013726027,-0.05898737,2017,Los Angeles Chargers,2017,Los Angeles Chargers,0.4085063947818568,0.5260924720704699,0.5791392710774355,0.6158777700445778
LV,-0.032225322,0.038586956,2017,Las Vegas Raiders,2017,Las Vegas Raiders,0.3394902069618727,0.4586935206522709,0.5401738319997135,0.5985416274318284
MIA,-0.11087622,-0.010884296,2017,Miami Dolphins,2017,Miami Dolphins,0.4361422498007899,0.5184915634100737,0.5650564963986476,0.6162377860719074
MIN,-0.012030865,-0.096443996,2017,Minnesota Vikings,2017,Minnesota Vikings,0.2860861799154496,0.3944396851836658,0.4734929308822894,0.5244713213424608
NE,0.12667333,0.010080802,2017,New England Patriots,2017,New England Patriots,0.3302739661837981,0.4067574403960156,0.4799367692370833,0.5462616025869517
NO,0.0652241,-0.026883168,2017,New Orleans Saints,2017,New Orleans Saints,0.4749790696146347,0.5523939314027123,0.5931295134065613,0.647103324405165
NYG,-0.13817473,-0.01631891,2017,New York Giants,2017,New York Giants,0.5270029156595296,0.5972586789062606,0.6360878318183533,0.6844675496279137
NYJ,-0.07640462,-0.006057703,2017,New York Jets,2017,New York Jets,0.4266022091877406,0.5127379909352366,0.5514263441220629,0.5850622552208964
PHI,0.06468516,-0.08304064,2017,Philadelphia Eagles,2017,Philadelphia Eagles,0.2963016955134722,0.4193926300194928,0.4995280146288218,0.5521380118811277
PIT,0.04847433,-0.021449687,2017,Pittsburgh Steelers,2017,Pittsburgh Steelers,0.3953646184568942,0.4849798154949709,0.5518604031794904,0.5892896780612432
SEA,-0.039855316,-0.058634344,2017,Seattle Seahawks,2017,Seattle Seahawks,0.3891092767092646,0.495008733939148,0.5527371252336145,0.606815031272846
TB,-0.019039286,0.019623457,2017,Tampa Bay Buccaneers,2017,Tampa Bay Buccaneers,0.3037022748979316,0.4461185611211229,0.5218111443856611,0.5970560705023366
TEN,-0.039603196,-0.0057377815,2017,Tennessee Titans,2017,Tennessee Titans,0.2178531606975285,0.292127429829541,0.3834866025532907,0.4580105386755644
WAS,-0.08636083,-0.04252692,2017,Washington Commanders,2017,Washington Commanders,0.5178547966789794,0.5873969391171746,0.6218892441420392,0.6733364446946072
ARI,-0.2123767,-0.02024215,2018,Arizona Cardinals,2018,Arizona Cardinals,0.506229714040361,0.5911753582523862,0.6457811076505738,0.6973484589207313
ATL,0.055338215,0.06318725,2018,Atlanta Falcons,2018,Atlanta Falcons,0.4044146543653956,0.5083466579035973,0.5654143268677119,0.6078194050417536
BAL,-0.004595807,-0.08381963,2018,Baltimore Ravens,2018,Baltimore Ravens,0.3901200739566187,0.4979231632826028,0.5567513139116884,0.5916214732411625
BUF,-0.15865023,-0.077697076,2018,Buffalo Bills,2018,Buffalo Bills,0.3168268592615583,0.4335536687115199,0.5073026156882775,0.5771367996731086
CAR,0.03745924,0.0442569,2018,Carolina Panthers,2018,Carolina Panthers,0.4521805008128282,0.5280612530563193,0.5790304729717403,0.6326465218943529
CHI,-0.0054781693,-0.12012845,2018,Chicago Bears,2018,Chicago Bears,0.2464282023397337,0.3890038114289289,0.4754080269219796,0.5293088827746271
CIN,-0.008605288,0.06480474,2018,Cincinnati Bengals,2018,Cincinnati Bengals,0.4322859816623989,0.5300566543122955,0.5778509465098739,0.6331556614117069
CLE,-0.0507383,-0.01713902,2018,Cleveland Browns,2018,Cleveland Browns,0.3713369380123347,0.491349169660586,0.557722497894576,0.6059697303413926
DAL,-0.01674972,-0.021795886,2018,Dallas Cowboys,2018,Dallas Cowboys,0.4664903894192784,0.5452782060496333,0.5847180920372779,0.609256331801561
DEN,-0.04274792,-0.022588613,2018,Denver Broncos,2018,Denver Broncos,0.3925742481168266,0.5132583794288118,0.5659244162219171,0.6231069944386591
DET,-0.04951595,-0.019261722,2018,Detroit Lions,2018,Detroit Lions,0.3917910887426969,0.4761953844514905,0.5335508056250445,0.6057110537470991
GB,0.008941463,0.026651697,2018,Green Bay Packers,2018,Green Bay Packers,0.4910983039593278,0.5895527195264385,0.6353042974443331,0.6864967486314245
HOU,0.0005349922,-0.05940349,2018,Houston Texans,2018,Houston Texans,0.360349200144,0.5026105079652808,0.56578287271142,0.6134199597453404
IND,0.025404768,-0.037133027,2018,Indianapolis Colts,2018,Indianapolis Colts,0.5165357738353894,0.5899716480712774,0.6191176183257768,0.6554897757874523
JAX,-0.11296575,-0.055159222,2018,Jacksonville Jaguars,2018,Jacksonville Jaguars,0.4321102928521385,0.5494397965693674,0.6112451753836349,0.6663693769695958
KC,0.17350613,0.039451722,2018,Kansas City Chiefs,2018,Kansas City Chiefs,0.4265466995039978,0.5068936433181671,0.5687599059502602,0.6122362596582683
LAC,0.0466329,-0.026536265,2018,Los Angeles Chargers,2018,Los Angeles Chargers,0.4182363278268697,0.5174403499857473,0.5789550639402963,0.6257049318117862
LV,-0.06865281,0.084850036,2018,Las Vegas Raiders,2018,Las Vegas Raiders,0.4339160269322983,0.5393507188203319,0.6020024474340653,0.6627525145191778
MIA,-0.09927346,0.014148812,2018,Miami Dolphins,2018,Miami Dolphins,0.3691597700011419,0.4885836024038396,0.5488599676392772,0.5967062196328411
MIN,-0.09181021,-0.0964671,2018,Minnesota Vikings,2018,Minnesota Vikings,0.3268619216399105,0.4736390426325472,0.5532005510242033,0.5995884586151915
NE,0.05980893,-0.03846815,2018,New England Patriots,2018,New England Patriots,0.3391915603285677,0.3842982504589164,0.4521823216273056,0.5204390007151142
NO,0.101024404,-0.022018,2018,New Orleans Saints,2018,New Orleans Saints,0.4097683603990786,0.4800280516556475,0.5439231782837496,0.5905817423344044
NYG,0.011971043,0.04797485,2018,New York Giants,2018,New York Giants,0.5222750463148517,0.5883885442436908,0.618548606911144,0.6413422757756582
NYJ,-0.102356225,-0.013144577,2018,New York Jets,2018,New York Jets,0.3682661645667667,0.4979061597168939,0.561321185023529,0.6356173890723256
PHI,0.017055377,0.009534106,2018,Philadelphia Eagles,2018,Philadelphia Eagles,0.2812187409135114,0.4112721359783231,0.4949607332211138,0.5581713493969092
PIT,0.040744595,-0.0074220495,2018,Pittsburgh Steelers,2018,Pittsburgh Steelers,0.421284485562208,0.4976317391369025,0.5487677308338894,0.5802628681563506
SEA,0.049889166,-0.01157783,2018,Seattle Seahawks,2018,Seattle Seahawks,0.4717004001716751,0.544096302034332,0.5878637525147086,0.6183386338571231
TB,0.014564061,0.074631706,2018,Tampa Bay Buccaneers,2018,Tampa Bay Buccaneers,0.3548541340287527,0.4893589039358018,0.5630573684980368,0.6213215345944066
TEN,-0.022490133,-0.021593638,2018,Tennessee Titans,2018,Tennessee Titans,0.2949302650052151,0.3930577852401384,0.4737356345871553,0.5439864609945738
WAS,-0.058872346,0.008042487,2018,Washington Commanders,2018,Washington Commanders,0.4345708885391675,0.5312674208721717,0.5873025968567567,0.6579842007950287
ARI,-0.023577236,0.042782597,2019,Arizona Cardinals,2019,Arizona Cardinals,0.4185739729644784,0.520642393188777,0.5708852661449455,0.6253416933378173
ATL,-0.008716797,0.004228406,2019,Atlanta Falcons,2019,Atlanta Falcons,0.3835397285882193,0.5030433748878805,0.5616184648935608,0.6207663222758598
BAL,0.12762614,-0.05958777,2019,Baltimore Ravens,2019,Baltimore Ravens,0.3488282698468322,0.4509363503867974,0.5223389224170182,0.5702239985405005
BUF,-0.03972182,-0.09284691,2019,Buffalo Bills,2019,Buffalo Bills,0.25724773149179,0.3401328635986275,0.4422481417360282,0.5055486120679816
CAR,-0.08423176,0.03318371,2019,Carolina Panthers,2019,Carolina Panthers,0.3325552285214334,0.4313836862251003,0.5029978939161287,0.5599816003192325
CHI,-0.0796662,-0.06527873,2019,Chicago Bears,2019,Chicago Bears,0.4037838518760122,0.52396133568649,0.578996705286386,0.6253079216551833
CIN,-0.068104066,0.055718217,2019,Cincinnati Bengals,2019,Cincinnati Bengals,0.3409604326135635,0.4738150021106375,0.5455516858912138,0.6126308974136823
CLE,-0.04282056,0.0026154644,2019,Cleveland Browns,2019,Cleveland Browns,0.3659191175110328,0.4972820607423658,0.5693344434901166,0.6230218068284088
DAL,0.05712612,-0.035381567,2019,Dallas Cowboys,2019,Dallas Cowboys,0.3735414626616343,0.4774217855218062,0.544359546834244,0.6076430913784872
DEN,-0.050155226,-0.021861833,2019,Denver Broncos,2019,Denver Broncos,0.5273904130941929,0.5890485001685106,0.6136933725535112,0.6499268156724647
DET,-0.040347222,0.023018535,2019,Detroit Lions,2019,Detroit Lions,0.4144744488453076,0.5025260338384688,0.5582982140906436,0.6276256846201962
GB,0.028744936,-0.01008748,2019,Green Bay Packers,2019,Green Bay Packers,0.4089868952787732,0.5159455268424,0.5827514366250443,0.6165755867238046
HOU,0.019457784,0.03647771,2019,Houston Texans,2019,Houston Texans,0.3304094127318339,0.4469403218346298,0.5189608258682171,0.5654792603570892
IND,-0.026835015,-0.014831108,2019,Indianapolis Colts,2019,Indianapolis Colts,0.3501595737625552,0.4728065592483336,0.5421631113122284,0.5989282836160437
JAX,-0.04593591,0.036399666,2019,Jacksonville Jaguars,2019,Jacksonville Jaguars,0.4641323930201176,0.5622884900315527,0.609286976529553,0.6639219503807395
KC,0.1157417,-0.020798244,2019,Kansas City Chiefs,2019,Kansas City Chiefs,0.3446477988037217,0.4115679815447282,0.483205557068748,0.5362272665196132
LAC,0.0037464045,0.015132641,2019,Los Angeles Chargers,2019,Los Angeles Chargers,0.4459638785624543,0.5475148380617021,0.6025139403729519,0.6346928895418604
LV,-0.010606274,0.086289905,2019,Las Vegas Raiders,2019,Las Vegas Raiders,0.4347156305531126,0.5235730109086602,0.5748217054300715,0.6321956655718189
MIA,-0.07243531,0.09040737,2019,Miami Dolphins,2019,Miami Dolphins,0.434016564675185,0.4889800615882148,0.5251353150165264,0.5921628754930556
MIN,0.004868359,-0.06816242,2019,Minnesota Vikings,2019,Minnesota Vikings,0.4077634903748885,0.5381424770152554,0.5999957110794142,0.6447815129399426
NE,-0.016987177,-0.1775766,2019,New England Patriots,2019,New England Patriots,0.3426648212263167,0.4099482339504591,0.4887106318821027,0.5386418970089876
NO,0.039334126,-0.052357763,2019,New Orleans Saints,2019,New Orleans Saints,0.390835036103693,0.4556363760253238,0.5227566276499577,0.5807383162101891
NYG,-0.07080628,0.02438187,2019,New York Giants,2019,New York Giants,0.4300541548813958,0.5293264369872975,0.5788362620976654,0.6254415404254834
NYJ,-0.13256721,-0.046172634,2019,New York Jets,2019,New York Jets,0.3646134835618028,0.4786095516501331,0.5368191597956024,0.5911192859770389
PHI,-0.005377184,-0.023095446,2019,Philadelphia Eagles,2019,Philadelphia Eagles,0.3543456779810339,0.4599704567841743,0.5323584449197947,0.6046399251695083
PIT,-0.13336354,-0.11713836,2019,Pittsburgh Steelers,2019,Pittsburgh Steelers,0.3586291805332121,0.4724096496141506,0.5337895240386068,0.58625162839975
SEA,0.006933061,-0.002162465,2019,Seattle Seahawks,2019,Seattle Seahawks,0.4841532546178221,0.568467825146686,0.6087038594972328,0.6564642798165587
TB,-0.028718151,-0.03681219,2019,Tampa Bay Buccaneers,2019,Tampa Bay Buccaneers,0.3645036500112313,0.4861428130859573,0.5536748537545624,0.6162102838887634
TEN,0.02984715,-0.03136112,2019,Tennessee Titans,2019,Tennessee Titans,0.3476292557341796,0.4450323994271921,0.5258378546753995,0.5937227759718319
WAS,-0.10833682,0.047861047,2019,Washington Commanders,2019,Washington Commanders,0.3645371660243692,0.4568015183316235,0.5124758371779332,0.5916494944150319
ARI,0.017034711,-0.021404784,2020,Arizona Cardinals,2020,Arizona Cardinals,0.362069209847092,0.477034665623639,0.5263251295631005,0.561761889784326
ATL,0.025502674,0.033377074,2020,Atlanta Falcons,2020,Atlanta Falcons,0.3996355799701381,0.5093157270919675,0.5620453238448209,0.5867203156734482
BAL,0.06959085,-0.063645855,2020,Baltimore Ravens,2020,Baltimore Ravens,0.3878124965639514,0.4895445309508412,0.52996925541171,0.5614311595117377
BUF,0.11654854,0.020003824,2020,Buffalo Bills,2020,Buffalo Bills,0.1855217776211628,0.3125552717505231,0.4249368277255186,0.4948987100589938
CAR,0.0137054445,0.059326734,2020,Carolina Panthers,2020,Carolina Panthers,0.3977460019654516,0.4737059815964361,0.5165535116844395,0.5543792493012707
CHI,-0.026125876,-0.013850053,2020,Chicago Bears,2020,Chicago Bears,0.418844389956176,0.5357983572402982,0.5833545276478345,0.6102131245392742
CIN,-0.036960404,0.06372796,2020,Cincinnati Bengals,2020,Cincinnati Bengals,0.3939354638456758,0.4646415223033001,0.5066461960280435,0.5399280271554076
CLE,0.056776326,0.058374807,2020,Cleveland Browns,2020,Cleveland Browns,0.3460901104096244,0.4594191082785154,0.5220574826195538,0.5673834054525687
DAL,-0.02756411,0.03872197,2020,Dallas Cowboys,2020,Dallas Cowboys,0.4247574424225178,0.496843690869067,0.532388304394978,0.5654571758496315
DEN,-0.06806315,0.03384381,2020,Denver Broncos,2020,Denver Broncos,0.4291556259976766,0.5019693387051865,0.5342598047355543,0.5764043972797425
DET,-0.007845267,0.11783229,2020,Detroit Lions,2020,Detroit Lions,0.3326598587808525,0.4355975054856029,0.4976029206869656,0.5443918096199856
GB,0.14955308,0.030288447,2020,Green Bay Packers,2020,Green Bay Packers,0.4154875160022555,0.5262227296008553,0.5830742641393813,0.6255884538929284
HOU,0.04984929,0.11096339,2020,Houston Texans,2020,Houston Texans,0.3861122768621934,0.5025841435989138,0.5537916580305288,0.6138870501019934
IND,0.05521245,-0.026190884,2020,Indianapolis Colts,2020,Indianapolis Colts,0.4743318248953883,0.5701767731152858,0.6175946948613205,0.6463663336705937
JAX,-0.06699501,0.09391888,2020,Jacksonville Jaguars,2020,Jacksonville Jaguars,0.4768892202895567,0.5257297518469077,0.5417051758488365,0.5812796450546116
KC,0.13269272,0.057777062,2020,Kansas City Chiefs,2020,Kansas City Chiefs,0.4383739006837278,0.5548846406107768,0.6083885459467041,0.6408820688193955
LAC,-0.026716884,0.012261852,2020,Los Angeles Chargers,2020,Los Angeles Chargers,0.3254800636804457,0.4636091005045319,0.524777135601856,0.5666546293486816
LV,0.047872048,0.08561783,2020,Las Vegas Raiders,2020,Las Vegas Raiders,0.3726065159288691,0.4708942244245479,0.5347633105942191,0.5722348238020415
MIA,0.013153519,-0.050810445,2020,Miami Dolphins,2020,Miami Dolphins,0.3296635875297262,0.4396404891582244,0.511585425871147,0.5583212303924983
MIN,0.030085407,0.080153786,2020,Minnesota Vikings,2020,Minnesota Vikings,0.5200655913824224,0.5695628247989265,0.5851660538095309,0.6211096248289553
NE,0.009286119,0.032166243,2020,New England Patriots,2020,New England Patriots,0.3502450952895297,0.4260668652694152,0.473637215123861,0.5272826233116377
NO,0.043926854,-0.06356172,2020,New Orleans Saints,2020,New Orleans Saints,0.2808759759952589,0.3453772352074171,0.4342654283378466,0.4915226337074336
NYG,-0.04890843,0.015790153,2020,New York Giants,2020,New York Giants,0.3423833688542216,0.440653734708109,0.5089316554672833,0.5529517422536447
NYJ,-0.13135168,0.05845546,2020,New York Jets,2020,New York Jets,0.4557691699957021,0.5090865582026156,0.5375099246470073,0.5949622254397836
PHI,-0.064318545,0.011880559,2020,Philadelphia Eagles,2020,Philadelphia Eagles,0.4620847317046164,0.5555390968997821,0.5989914675617131,0.6533349584529047
PIT,0.0054364474,-0.069642164,2020,Pittsburgh Steelers,2020,Pittsburgh Steelers,0.4150504911798749,0.5074857673364277,0.5526169251002541,0.58411920629869
SEA,0.07431919,0.013569479,2020,Seattle Seahawks,2020,Seattle Seahawks,0.4363574648120513,0.5225692212692502,0.5748069720001258,0.6075455660926474
TB,0.08903034,-0.041465852,2020,Tampa Bay Buccaneers,2020,Tampa Bay Buccaneers,0.3860258093286612,0.4936893915020684,0.555312528084624,0.5921177677677323
TEN,0.12118,0.0881211,2020,Tennessee Titans,2020,Tennessee Titans,0.4252047093154747,0.5326896100137418,0.5771136451513594,0.6232635764896267
WAS,-0.044543702,-0.035055332,2020,Washington Commanders,2020,Washington Commanders,0.3986352888459944,0.4765599590622686,0.5362899071881876,0.5930093623809736
ARI,0.011775128,-0.043818057,2021,Arizona Cardinals,2021,Arizona Cardinals,0.3924234613783912,0.4780591812283756,0.51878558646483,0.5440218277589003
ATL,-0.07885477,0.046324182,2021,Atlanta Falcons,2021,Atlanta Falcons,0.5262328340486663,0.5796101053442401,0.5934551727246444,0.607938171234786
BAL,0.005229939,0.015750917,2021,Baltimore Ravens,2021,Baltimore Ravens,0.3195909951101296,0.4121989305721247,0.4571846358532166,0.4880320845615684
BUF,0.0835494,-0.0801123,2021,Buffalo Bills,2021,Buffalo Bills,0.2036944309910424,0.34427733495466,0.4270979909721383,0.4756455769138392
CAR,-0.1287469,-0.049860176,2021,Carolina Panthers,2021,Carolina Panthers,0.333163615333522,0.4217382637075914,0.4563439368864863,0.4978193908117712
CHI,-0.08614929,-0.0046288203,2021,Chicago Bears,2021,Chicago Bears,0.4193506344976843,0.4905935910035935,0.5194333208119868,0.5468038763467704
CIN,0.025696587,-0.034749977,2021,Cincinnati Bengals,2021,Cincinnati Bengals,0.3480200593527571,0.452997329562914,0.5085763295282537,0.5451140485385564
CLE,-0.02395104,0.0032595398,2021,Cleveland Browns,2021,Cleveland Browns,0.3689872119308784,0.4620831695828475,0.5069531271481366,0.558195577525875
DAL,0.0415543,-0.08119673,2021,Dallas Cowboys,2021,Dallas Cowboys,0.4582308010416996,0.521185522281414,0.5581485414088532,0.5768555523060932
DEN,0.010516046,0.001147267,2021,Denver Broncos,2021,Denver Broncos,0.3416914762136013,0.4283981272530533,0.4667693071963718,0.5076420519438002
DET,-0.0613233,0.0610331,2021,Detroit Lions,2021,Detroit Lions,0.4477191501312373,0.4621664717710678,0.4685220365378769,0.5080272192206381
GB,0.07420601,0.005565562,2021,Green Bay Packers,2021,Green Bay Packers,0.4328646254711473,0.515937543570823,0.5623874768114085,0.5888804771982125
HOU,-0.11373851,0.03507147,2021,Houston Texans,2021,Houston Texans,0.3095508158085226,0.3439045257975625,0.3941638651977406,0.4434606159107218
IND,0.039431218,-0.031940985,2021,Indianapolis Colts,2021,Indianapolis Colts,0.334194001486619,0.4181606242797454,0.4849554985072318,0.5266894837582565
JAX,-0.09250439,0.08634,2021,Jacksonville Jaguars,2021,Jacksonville Jaguars,0.3889075799571224,0.474924667019128,0.5170584230639381,0.5807712977963825
KC,0.11913542,0.024798129,2021,Kansas City Chiefs,2021,Kansas City Chiefs,0.4866458466507534,0.5509034560212821,0.5786579144300921,0.5976225526878634
LAC,0.041953586,0.03016681,2021,Los Angeles Chargers,2021,Los Angeles Chargers,0.4165486880021758,0.5209535326476386,0.5627605102859735,0.5858967763795991
LV,-0.010449907,0.043638546,2021,Las Vegas Raiders,2021,Las Vegas Raiders,0.3762651541755828,0.4585968650226215,0.4991469414063024,0.5327569559973527
MIA,-0.059486162,-0.033558372,2021,Miami Dolphins,2021,Miami Dolphins,0.3220479986771091,0.3831820588249939,0.4463554474730384,0.4878509646408841
MIN,-0.005102671,-0.012052316,2021,Minnesota Vikings,2021,Minnesota Vikings,0.5007022566221387,0.5502486897751269,0.562514688190475,0.6116960769307291
NE,0.043024912,-0.060213555,2021,New England Patriots,2021,New England Patriots,0.2671748065970699,0.3569144183149655,0.4259599004413199,0.4673993398712031
NO,-0.08774253,-0.11061419,2021,New Orleans Saints,2021,New Orleans Saints,0.3801177473395257,0.4589254159184581,0.4906524513646699,0.5346139477637115
NYG,-0.12510443,0.0021253836,2021,New York Giants,2021,New York Giants,0.2893235918011704,0.404943856434403,0.4697257198402989,0.5422483698538987
NYJ,-0.073644534,0.09402134,2021,New York Jets,2021,New York Jets,0.3723679634351473,0.4396397660487625,0.4720474601948527,0.5369816825962594
PHI,0.031597394,-0.003122393,2021,Philadelphia Eagles,2021,Philadelphia Eagles,0.3779121801768419,0.4526226120817815,0.4809517714769127,0.5094372056652446
PIT,-0.06184355,-0.013716762,2021,Pittsburgh Steelers,2021,Pittsburgh Steelers,0.4786974547641894,0.5265554189718559,0.5473971522736331,0.5747873526768846
SEA,0.016567076,-0.004009548,2021,Seattle Seahawks,2021,Seattle Seahawks,0.4886524135776446,0.5404230748890786,0.5618648550741517,0.5909537841129807
TB,0.06356884,-0.060304213,2021,Tampa Bay Buccaneers,2021,Tampa Bay Buccaneers,0.2836604457140103,0.3604053746158838,0.4297868545880449,0.4710713742340971
TEN,-0.00396961,-0.044790104,2021,Tennessee Titans,2021,Tennessee Titans,0.3896011586615834,0.4940742660674636,0.5384043243590219,0.5800825289624059
WAS,-0.03981929,0.04392373,2021,Washington Commanders,2021,Washington Commanders,0.4491976606184878,0.5081829019247031,0.5384314978487703,0.5922985106114639
ARI,-0.090162024,-0.0014895602,2022,Arizona Cardinals,2022,Arizona Cardinals,0.4450010246974353,0.4860550063877847,0.5099289401435295,0.575346956031248
ATL,-0.0022644934,0.019297866,2022,Atlanta Falcons,2022,Atlanta Falcons,0.4608602698315809,0.4767772462197173,0.4764525624785033,0.503549777316929
BAL,0.007007156,-0.026945291,2022,Baltimore Ravens,2022,Baltimore Ravens,0.3902036153809878,0.480111882235787,0.5261546349225684,0.5486742802597405
BUF,0.067425236,-0.04938713,2022,Buffalo Bills,2022,Buffalo Bills,0.3525253633542607,0.4321417825177435,0.4859200794861339,0.5192117450767311
CAR,-0.035241254,-0.015262743,2022,Carolina Panthers,2022,Carolina Panthers,0.3827071393348983,0.4477617714550103,0.4863563078402364,0.5195732958129988
CHI,-0.04395437,0.07391015,2022,Chicago Bears,2022,Chicago Bears,0.346558403520294,0.4019328253359455,0.4274396383547618,0.5011503311276051
CIN,0.046970665,-0.043412004,2022,Cincinnati Bengals,2022,Cincinnati Bengals,0.3042234101377083,0.4323666674320019,0.495093394107058,0.5298708938409032
CLE,-0.005126883,0.009145087,2022,Cleveland Browns,2022,Cleveland Browns,0.317960625813136,0.4271099169027704,0.4743903892470887,0.5161588195648481
DAL,0.025010435,-0.07504437,2022,Dallas Cowboys,2022,Dallas Cowboys,0.4603257512675377,0.5307416163827914,0.5653081408529341,0.5911877566752025
DEN,-0.08103931,-0.017907022,2022,Denver Broncos,2022,Denver Broncos,0.4737835802894218,0.5178370226239281,0.5337178700018771,0.5932158341329711
DET,0.04773558,0.031425226,2022,Detroit Lions,2022,Detroit Lions,0.4696415778875913,0.5304140024142576,0.5613455670157724,0.5863716324946882
GB,-0.0053824056,-0.0016289597,2022,Green Bay Packers,2022,Green Bay Packers,0.3954326732340694,0.4940357686149233,0.5435654591762527,0.5766159473216608
HOU,-0.13066015,-0.019085594,2022,Houston Texans,2022,Houston Texans,0.3003245179970173,0.3651379906408159,0.4137104552444391,0.4591356554795799
IND,-0.14041978,-0.03386584,2022,Indianapolis Colts,2022,Indianapolis Colts,0.4248385521890049,0.5182191153728224,0.5564978345957017,0.6009348387866361
JAX,0.0311544,-0.006351797,2022,Jacksonville Jaguars,2022,Jacksonville Jaguars,0.2009964835794701,0.3195264623528998,0.4137370142495244,0.4799455349273931
KC,0.1237862,0.018357044,2022,Kansas City Chiefs,2022,Kansas City Chiefs,0.5479038246233229,0.6041790936259432,0.6231524099904515,0.6321342066973967
LAC,-0.014653981,-0.017086407,2022,Los Angeles Chargers,2022,Los Angeles Chargers,0.4385879603939415,0.5386065520410727,0.5783568901783678,0.6163161455804504
LV,-0.0011231363,0.015743637,2022,Las Vegas Raiders,2022,Las Vegas Raiders,0.4687419141240346,0.5278790142027444,0.5498710744194121,0.5841693726989244
MIA,0.007691611,0.0016046783,2022,Miami Dolphins,2022,Miami Dolphins,0.2393468922162352,0.289065009705829,0.3686197912162262,0.4295176942374983
MIN,-0.007944794,0.01618654,2022,Minnesota Vikings,2022,Minnesota Vikings,0.46090843814428,0.5339811759009188,0.5625986044171453,0.5899652286798219
NE,-0.07241907,-0.08886429,2022,New England Patriots,2022,New England Patriots,0.3196822006022624,0.4171981517443597,0.4808442250849221,0.5312054614119445
NO,-0.05589094,-0.037923243,2022,New Orleans Saints,2022,New Orleans Saints,0.2733930271973521,0.3707301834666396,0.4334230562762542,0.4962238770951864
NYG,0.02766045,0.054253455,2022,New York Giants,2022,New York Giants,0.446870084456051,0.5217475624073559,0.5484724522814881,0.5902853285301507
NYJ,-0.08863757,-0.061792456,2022,New York Jets,2022,New York Jets,0.2967706019801042,0.3925129141737494,0.4628497906244659,0.5293375198924455
PHI,0.06949112,-0.056918647,2022,Philadelphia Eagles,2022,Philadelphia Eagles,0.3325346604651149,0.3966868195278051,0.4538482553281265,0.4911559097829667
PIT,-0.017122563,0.0120673105,2022,Pittsburgh Steelers,2022,Pittsburgh Steelers,0.3666395028388624,0.4431642296271373,0.4934552509179962,0.5234742599211839
SEA,0.018422253,0.022581493,2022,Seattle Seahawks,2022,Seattle Seahawks,0.2787197142380305,0.3886130313221335,0.4460667577469717,0.5110787754636805
TB,-0.055213578,-0.006099804,2022,Tampa Bay Buccaneers,2022,Tampa Bay Buccaneers,0.3612587364071726,0.4301110717351785,0.4809746142033785,0.5188455987771006
TEN,-0.06615864,-0.009191814,2022,Tennessee Titans,2022,Tennessee Titans,0.4405024113016885,0.4618237957647867,0.4866655846787608,0.5587652179553354
WAS,-0.054355513,-0.041130114,2022,Washington Commanders,2022,Washington Commanders,0.3971978557811191,0.5116316771927165,0.5588721032035407,0.600378247442903
ARI,-0.043007694,0.062281232,2023,Arizona Cardinals,2023,Arizona Cardinals,0.4854357670602373,0.5196019083576788,0.5354040702426887,0.5871434010289434
ATL,-0.08694301,-0.04381224,2023,Atlanta Falcons,2023,Atlanta Falcons,0.3054535369083933,0.418213323120199,0.4814149265172642,0.519975959648734
BAL,0.047380324,-0.109907635,2023,Baltimore Ravens,2023,Baltimore Ravens,0.3744623531841275,0.439079999728639,0.4914721202136182,0.5299422226884215
BUF,0.0628839,-0.044337075,2023,Buffalo Bills,2023,Buffalo Bills,0.3368186664081691,0.4038615985199453,0.452418447129394,0.4913275559267524
CAR,-0.13063785,0.01565691,2023,Carolina Panthers,2023,Carolina Panthers,0.3258574759276942,0.4078593471285213,0.4668906966637812,0.522703144126195
CHI,-0.060280945,-0.05616491,2023,Chicago Bears,2023,Chicago Bears,0.380476952439702,0.4643252609966682,0.5187757909072294,0.5475037764754869
CIN,-0.0052801208,0.008811697,2023,Cincinnati Bengals,2023,Cincinnati Bengals,0.3139930037062978,0.4438841827038396,0.4980956327440012,0.5307225857699165
CLE,-0.10759196,-0.12647294,2023,Cleveland Browns,2023,Cleveland Browns,0.4678061642173801,0.5028042730298137,0.5214188079938064,0.5459445610898557
DAL,0.09075792,-0.053776167,2023,Dallas Cowboys,2023,Dallas Cowboys,0.3550168245453609,0.4527345634491611,0.513492958733165,0.5508783329269581
DEN,-0.045133255,0.004629748,2023,Denver Broncos,2023,Denver Broncos,0.4546965708505682,0.531409470777097,0.568245074179198,0.5971311156792648
DET,0.033001147,-0.010472353,2023,Detroit Lions,2023,Detroit Lions,0.443778080271285,0.4844050474074532,0.526162669315185,0.5571240361835071
GB,0.047713656,0.0055466243,2023,Green Bay Packers,2023,Green Bay Packers,0.3930617204375124,0.4653317747966876,0.4941414932298052,0.5130853986757566
HOU,-0.019651888,-0.040110372,2023,Houston Texans,2023,Houston Texans,0.3470993352478963,0.4092363406986847,0.4626331569422068,0.5117814720065499
IND,-0.0372364,-0.01606767,2023,Indianapolis Colts,2023,Indianapolis Colts,0.4025162532251106,0.4947726374180271,0.5358383536599367,0.5764926321677968
JAX,-0.029459236,-0.038773455,2023,Jacksonville Jaguars,2023,Jacksonville Jaguars,0.2746836132267155,0.3817805248061294,0.4586262988924273,0.5042469287986958
KC,0.014037146,-0.06432423,2023,Kansas City Chiefs,2023,Kansas City Chiefs,0.5029699442395175,0.562943170872324,0.5940265472730553,0.6150798801888304
LAC,-0.056199495,-0.015585336,2023,Los Angeles Chargers,2023,Los Angeles Chargers,0.421451193705801,0.4970897070714268,0.5273283296904645,0.565492189138341
LV,-0.07708883,-0.067303605,2023,Las Vegas Raiders,2023,Las Vegas Raiders,0.3872963798963819,0.4720820009553927,0.5201377143034472,0.5767592872381152
MIA,0.05572948,-0.014537528,2023,Miami Dolphins,2023,Miami Dolphins,0.3375620863028152,0.3916412142553548,0.4548501520293225,0.5000976285321473
MIN,-0.04808997,-0.03264311,2023,Minnesota Vikings,2023,Minnesota Vikings,0.4138753862161861,0.4607168400221094,0.4834887534247998,0.5102586255943298
NE,-0.18933998,-0.0655463,2023,New England Patriots,2023,New England Patriots,0.2921139149294762,0.3775009109779571,0.4368818776475671,0.5060211425704444
NO,-0.0449612,-0.109492734,2023,New Orleans Saints,2023,New Orleans Saints,0.3231498439588984,0.3964042680820545,0.4529782554051006,0.4989718779410803
NYG,-0.15029286,-0.03167717,2023,New York Giants,2023,New York Giants,0.3974879267610471,0.4746181131108256,0.5010746280924804,0.5415350730331896
NYJ,-0.1843321,-0.10719497,2023,New York Jets,2023,New York Jets,0.3345633999953102,0.4203379004951706,0.4847224844708779,0.556189515022095
PHI,0.043068446,0.04979716,2023,Philadelphia Eagles,2023,Philadelphia Eagles,0.2931697727025704,0.4062469714475545,0.4645536164386319,0.5003360181907605
PIT,-0.07734116,-0.04950019,2023,Pittsburgh Steelers,2023,Pittsburgh Steelers,0.4146022085188763,0.5000526389834287,0.5529874540090854,0.5872850502293929
SEA,0.01592655,0.04019476,2023,Seattle Seahawks,2023,Seattle Seahawks,0.3052410991619185,0.4061447780380656,0.4735344027371604,0.5195783008339473
TB,-0.007972966,-0.037008543,2023,Tampa Bay Buccaneers,2023,Tampa Bay Buccaneers,0.4866785484468781,0.5196493154145837,0.5313365590985539,0.5443416226627023
TEN,-0.031330816,0.033262447,2023,Tennessee Titans,2023,Tennessee Titans,0.5551168257720264,0.5912125753070075,0.6278268526172344,0.6813369119940185
WAS,-0.0844741,0.07420189,2023,Washington Commanders,2023,Washington Commanders,0.4226447196338718,0.4953071573460743,0.5365906293819199,0.6039423383277533
